"Time (EpSec)","x (km)","y (km)","z (km)"
0.000,-33254385.714614,-131706201.530588,-57091874.697154
60.000,-33252605.275730,-131706830.898384,-57092384.855341
120.000,-33250798.513002,-131707459.454246,-57092893.812372
180.000,-33248965.558845,-131708086.255230,-57093400.313181
240.000,-33247106.639209,-131708710.364588,-57093903.111455
300.000,-33245222.072810,-131709330.855093,-57094400.974090
360.000,-33243312.269954,-131709946.812358,-57094892.685599
420.000,-33241377.731076,-131710557.338098,-57095377.052459
480.000,-33239419.044964,-131711161.553330,-57095852.907376
540.000,-33237436.886667,-131711758.601504,-57096319.113463
600.000,-33235432.015054,-131712347.651568,-57096774.568302
660.000,-33233405.270109,-131712927.900929,-57097218.207886
720.000,-33231357.569952,-131713498.578310,-57097649.010424
780.000,-33229289.907552,-131714058.946504,-57098065.999996
840.000,-33227203.347159,-131714608.305010,-57098468.250037
900.000,-33225099.020515,-131715145.992525,-57098854.886658
960.000,-33222978.122815,-131715671.389304,-57099225.091763
1020.000,-33220841.908449,-131716183.919367,-57099578.105980
1080.000,-33218691.686481,-131716683.052564,-57099913.231371
1140.000,-33216528.816018,-131717168.306453,-57100229.833933
1200.000,-33214354.701319,-131717639.248034,-57100527.345860
1260.000,-33212170.786814,-131718095.495279,-57100805.267576
1320.000,-33209978.551899,-131718536.718508,-57101063.169520
1380.000,-33207779.505691,-131718962.641558,-57101300.693684
1440.000,-33205575.181615,-131719373.042770,-57101517.554889
1500.000,-33203367.131936,-131719767.755778,-57101713.541809
1560.000,-33201156.922212,-131720146.670102,-57101888.517723
1620.000,-33198946.125694,-131720509.731546,-57102042.421009
1680.000,-33196736.317708,-131720856.942392,-57102175.265357
1740.000,-33194529.070041,-131721188.361382,-57102287.139725
1800.000,-33192325.945307,-131721504.103521,-57102378.208021
1860.000,-33190128.491369,-131721804.339660,-57102448.708516
1920.000,-33187938.235826,-131722089.295887,-57102498.952989
1980.000,-33185756.680529,-131722359.252724,-57102529.325618
2040.000,-33183585.296241,-131722614.544121,-57102540.281601
2100.000,-33181425.517365,-131722855.556271,-57102532.345534
2160.000,-33179278.736827,-131723082.726228,-57102506.109528
2220.000,-33177146.301097,-131723296.540351,-57102462.231099
2280.000,-33175029.505387,-131723497.532567,-57102401.430812
2340.000,-33172929.589017,-131723686.282468,-57102324.489708
2400.000,-33170847.730985,-131723863.413244,-57102232.246508
2460.000,-33168785.045756,-131724029.589459,-57102125.594617
2520.000,-33166742.579294,-131724185.514682,-57102005.478929
2580.000,-33164721.305306,-131724331.928976,-57101872.892448
2640.000,-33162722.121772,-131724469.606260,-57101728.872735
2700.000,-33160745.847744,-131724599.351547,-57101574.498203
2760.000,-33158793.220412,-131724721.998074,-57101410.884259
2820.000,-33156864.892468,-131724838.404328,-57101239.179313
2880.000,-33154961.429780,-131724949.450989,-57101060.560676
2940.000,-33153083.309367,-131725056.037781,-57100876.230349
3000.000,-33151230.917701,-131725159.080269,-57100687.410724
3060.000,-33149404.549325,-131725259.506590,-57100495.340213
3120.000,-33147604.405788,-131725358.254146,-57100301.268825
3180.000,-33145830.594940,-131725456.266257,-57100106.453688
3240.000,-33144083.130545,-131725554.488797,-57099912.154562
3300.000,-33142361.932226,-131725653.866820,-57099719.629330
3360.000,-33140666.825751,-131725755.341193,-57099530.129503
3420.000,-33138997.543660,-131725859.845235,-57099344.895742
3480.000,-33137353.726232,-131725968.301387,-57099165.153425
3540.000,-33135734.922743,-131726081.617930,-57098992.108266
3600.000,-33134140.593097,-131726200.685737,-57098826.942000
3660.000,-33132570.109745,-131726326.375099,-57098670.808161
3720.000,-33131022.759942,-131726459.532619,-57098524.827957
3780.000,-33129497.748269,-131726600.978196,-57098390.086260
3840.000,-33127994.199503,-131726751.502093,-57098267.627728
3900.000,-33126511.161715,-131726911.862129,-57098158.453070
3960.000,-33125047.609697,-131727082.780964,-57098063.515467
4020.000,-33123602.448602,-131727264.943532,-57097983.717162
4080.000,-33122174.517871,-131727458.994592,-57097919.906240
4140.000,-33120762.595366,-131727665.536429,-57097872.873590
4200.000,-33119365.401762,-131727885.126703,-57097843.350077
4260.000,-33117981.605080,-131728118.276468,-57097832.003935
4320.000,-33116609.825472,-131728365.448341,-57097839.438370
4380.000,-33115248.640137,-131728627.054857,-57097866.189408
4440.000,-33113896.588420,-131728903.456992,-57097912.723977
4500.000,-33112552.177011,-131729194.962880,-57097979.438238
4560.000,-33111213.885287,-131729501.826716,-57098066.656167
4620.000,-33109880.170759,-131729824.247838,-57098174.628399
4680.000,-33108549.474544,-131730162.370033,-57098303.531330
4740.000,-33107220.226990,-131730516.281007,-57098453.466486
4800.000,-33105890.853232,-131730886.012084,-57098624.460162
4860.000,-33104559.778839,-131731271.538089,-57098816.463327
4920.000,-33103225.435436,-131731672.777440,-57099029.351799
4980.000,-33101886.266332,-131732089.592434,-57099262.926689
5040.000,-33100540.732037,-131732521.789743,-57099516.915111
5100.000,-33099187.315780,-131732969.121106,-57099790.971163
5160.000,-33097824.528935,-131733431.284209,-57100084.677156
5220.000,-33096450.916348,-131733907.923759,-57100397.545112
5280.000,-33095065.061508,-131734398.632764,-57100729.018511
5340.000,-33093665.591613,-131734902.953977,-57101078.474275
5400.000,-33092251.182497,-131735420.381525,-57101445.225000
5460.000,-33090820.563352,-131735950.362715,-57101828.521414
5520.000,-33089372.521239,-131736492.300009,-57102227.555052
5580.000,-33087905.905457,-131737045.553153,-57102641.461152
5640.000,-33086419.631635,-131737609.441457,-57103069.321744
5700.000,-33084912.685625,-131738183.246227,-57103510.168932
5760.000,-33083384.127095,-131738766.213327,-57103962.988358
5820.000,-33081833.092911,-131739357.555870,-57104426.722822
5880.000,-33080258.800204,-131739956.457026,-57104900.276072
5940.000,-33078660.549203,-131740562.072927,-57105382.516714
6000.000,-33077037.725677,-131741173.535690,-57105872.282263
6060.000,-33075389.803177,-131741789.956501,-57106368.383300
6120.000,-33073716.344891,-131742410.428794,-57106869.607720
6180.000,-33072017.005231,-131743034.031476,-57107374.725071
6240.000,-33070291.531034,-131743659.832219,-57107882.490950
6300.000,-33068539.762486,-131744286.890786,-57108391.651456
6360.000,-33066761.633688,-131744914.262380,-57108900.947669
6420.000,-33064957.172901,-131745541.001014,-57109409.120156
6480.000,-33063126.502426,-131746166.162891,-57109914.913468
6540.000,-33061269.838188,-131746788.809763,-57110417.080638
6600.000,-33059387.488943,-131747408.012285,-57110914.387630
6660.000,-33057479.855199,-131748022.853322,-57111405.617757
6720.000,-33055547.427762,-131748632.431228,-57111889.576030
6780.000,-33053590.785999,-131749235.863058,-57112365.093432
6840.000,-33051610.595752,-131749832.287717,-57112831.031095
6900.000,-33049607.606991,-131750420.869029,-57113286.284373
6960.000,-33047582.651094,-131751000.798730,-57113729.786794
7020.000,-33045536.637904,-131751571.299337,-57114160.513872
7080.000,-33043470.552464,-131752131.626934,-57114577.486767
7140.000,-33041385.451519,-131752681.073814,-57114979.775791
7200.000,-33039282.459713,-131753218.971013,-57115366.503725
7260.000,-33037162.765588,-131753744.690691,-57115736.848963
7320.000,-33035027.617343,-131754257.648371,-57116090.048443
7380.000,-33032878.318355,-131754757.305028,-57116425.400381
7440.000,-33030716.222547,-131755243.169007,-57116742.266773
7500.000,-33028542.729530,-131755714.797780,-57117040.075687
7560.000,-33026359.279612,-131756171.799522,-57117318.323295
7620.000,-33024167.348652,-131756613.834515,-57117576.575687
7680.000,-33021968.442801,-131757040.616346,-57117814.470413
7740.000,-33019764.093092,-131757451.912945,-57118031.717783
7800.000,-33017555.849994,-131757847.547402,-57118228.101905
7860.000,-33015345.277863,-131758227.398604,-57118403.481449
7920.000,-33013133.949364,-131758591.401662,-57118557.790163
7980.000,-33010923.439834,-131758939.548147,-57118691.037102
8040.000,-33008715.321678,-131759271.886116,-57118803.306597
8100.000,-33006511.158727,-131759588.519947,-57118894.757957
8160.000,-33004312.500675,-131759889.609959,-57118965.624894
8220.000,-33002120.877523,-131760175.371845,-57119016.214693
8280.000,-32999937.794124,-131760446.075903,-57119046.907110
8340.000,-32997764.724804,-131760702.046071,-57119058.153012
8400.000,-32995603.108098,-131760943.658771,-57119050.472770
8460.000,-32993454.341613,-131761171.341564,-57119024.454397
8520.000,-32991319.777021,-131761385.571633,-57118980.751440
8580.000,-32989200.715244,-131761586.874073,-57118920.080653
8640.000,-32987098.401810,-131761775.820021,-57118843.219425
8700.000,-32985014.022386,-131761953.024621,-57118751.003005
8760.000,-32982948.698556,-131762119.144827,-57118644.321517
8820.000,-32980903.483815,-131762274.877061,-57118524.116772
8880.000,-32978879.359802,-131762420.954727,-57118391.378904
8940.000,-32976877.232786,-131762558.145600,-57118247.142832
9000.000,-32974897.930440,-131762687.249084,-57118092.484554
9060.000,-32972942.198874,-131762809.093360,-57117928.517303
9120.000,-32971010.699987,-131762924.532433,-57117756.387568
9180.000,-32969104.009076,-131763034.443089,-57117577.270991
9240.000,-32967222.612809,-131763139.721760,-57117392.368165
9300.000,-32965366.907461,-131763241.281338,-57117202.900343
9360.000,-32963537.197521,-131763340.047905,-57117010.105068
9420.000,-32961733.694586,-131763436.957444,-57116815.231752
9480.000,-32959956.516617,-131763532.952489,-57116619.537205
9540.000,-32958205.687502,-131763628.978772,-57116424.281144
9600.000,-32956481.137002,-131763725.981841,-57116230.721685
9660.000,-32954782.700972,-131763824.903694,-57116040.110851
9720.000,-32953110.121958,-131763926.679415,-57115853.690088
9780.000,-32951463.050104,-131764032.233848,-57115672.685833
9840.000,-32949841.044440,-131764142.478279,-57115498.305121
9900.000,-32948243.574415,-131764258.307207,-57115331.731278
9960.000,-32946670.021804,-131764380.595140,-57115174.119683
10020.000,-32945119.682937,-131764510.193478,-57115026.593641
10080.000,-32943591.771181,-131764647.927483,-57114890.240364
10140.000,-32942085.419791,-131764794.593320,-57114766.107085
10200.000,-32940599.684954,-131764950.955239,-57114655.197313
10260.000,-32939133.549206,-131765117.742829,-57114558.467246
10320.000,-32937685.925039,-131765295.648427,-57114476.822351
10380.000,-32936255.658814,-131765485.324641,-57114411.114126
10440.000,-32934841.534850,-131765687.382032,-57114362.137056
10500.000,-32933442.279785,-131765902.386926,-57114330.625773
10560.000,-32932056.567121,-131766130.859401,-57114317.252430
10620.000,-32930683.021973,-131766373.271427,-57114322.624295
10680.000,-32929320.225959,-131766630.045186,-57114347.281581
10740.000,-32927966.722291,-131766901.551563,-57114391.695514
10800.000,-32926621.020957,-131767188.108827,-57114456.266651
10860.000,-32925281.604067,-131767489.981491,-57114541.323444
10920.000,-32923946.931255,-131767807.379371,-57114647.121066
10980.000,-32922615.445192,-131768140.456838,-57114773.840502
11040.000,-32921285.577145,-131768489.312267,-57114921.587899
11100.000,-32919955.752590,-131768853.987683,-57115090.394186
11160.000,-32918624.396831,-131769234.468616,-57115280.214965
11220.000,-32917289.940621,-131769630.684148,-57115490.930671
11280.000,-32915950.825769,-131770042.507169,-57115722.346995
11340.000,-32914605.510720,-131770469.754828,-57115974.195583
11400.000,-32913252.476045,-131770912.189187,-57116246.134995
11460.000,-32911890.229872,-131771369.518068,-57116537.751923
11520.000,-32910517.313229,-131771841.396096,-57116848.562673
11580.000,-32909132.305244,-131772327.425929,-57117178.014891
11640.000,-32907733.828217,-131772827.159678,-57117525.489538
11700.000,-32906320.552554,-131773340.100505,-57117890.303108
11760.000,-32904891.201506,-131773865.704389,-57118271.710065
11820.000,-32903444.555743,-131774403.382072,-57118668.905515
11880.000,-32901979.457690,-131774952.501162,-57119081.028079
11940.000,-32900494.815689,-131775512.388381,-57119507.162978
12000.000,-32898989.607868,-131776082.331974,-57119946.345297
12060.000,-32897462.885822,-131776661.584244,-57120397.563444
12120.000,-32895913.777976,-131777249.364219,-57120859.762757
12180.000,-32894341.492713,-131777844.860440,-57121331.849284
12240.000,-32892745.321194,-131778447.233851,-57121812.693690
12300.000,-32891124.639901,-131779055.620797,-57122301.135293
12360.000,-32889478.912858,-131779669.136098,-57122795.986219
12420.000,-32887807.693538,-131780286.876213,-57123296.035647
12480.000,-32886110.626465,-131780907.922458,-57123800.054138
12540.000,-32884387.448496,-131781531.344285,-57124306.798030
12600.000,-32882637.989736,-131782156.202600,-57124815.013888
12660.000,-32880862.174162,-131782781.553115,-57125323.442983
12720.000,-32879060.019896,-131783406.449710,-57125830.825793
12780.000,-32877231.639127,-131784029.947819,-57126335.906506
12840.000,-32875377.237726,-131784651.107784,-57126837.437514
12900.000,-32873497.114494,-131785268.998221,-57127334.183869
12960.000,-32871591.660109,-131785882.699332,-57127824.927700
13020.000,-32869661.355717,-131786491.306192,-57128308.472569
13080.000,-32867706.771229,-131787093.931974,-57128783.647749
13140.000,-32865728.563275,-131787689.711111,-57129249.312407
13200.000,-32863727.472853,-131788277.802387,-57129704.359687
13260.000,-32861704.322690,-131788857.391936,-57130147.720665
13320.000,-32859660.014308,-131789427.696142,-57130578.368172
13380.000,-32857595.524788,-131789987.964439,-57130995.320465
13440.000,-32855511.903289,-131790537.481987,-57131397.644742
13500.000,-32853410.267302,-131791075.572218,-57131784.460470
13560.000,-32851291.798657,-131791601.599252,-57132154.942541
13620.000,-32849157.739290,-131792114.970170,-57132508.324216
13680.000,-32847009.386821,-131792615.137119,-57132843.899869
13740.000,-32844848.089905,-131793101.599275,-57133161.027513
13800.000,-32842675.243430,-131793573.904624,-57133459.131088
13860.000,-32840492.283524,-131794031.651577,-57133737.702530
13920.000,-32838300.682421,-131794474.490401,-57133996.303580
13980.000,-32836101.943196,-131794902.124474,-57134234.567353
14040.000,-32833897.594431,-131795314.311325,-57134452.199653
14100.000,-32831689.184708,-131795710.863520,-57134648.980021
14160.000,-32829478.277103,-131796091.649318,-57134824.762526
14220.000,-32827266.443592,-131796456.593146,-57134979.476284
14280.000,-32825055.259454,-131796805.675864,-57135113.125714
14340.000,-32822846.297617,-131797138.934838,-57135225.790521
14400.000,-32820641.123048,-131797456.463808,-57135317.625411
14460.000,-32818441.287168,-131797758.412549,-57135388.859539
14520.000,-32816248.322320,-131798044.986336,-57135439.795686
14580.000,-32814063.736265,-131798316.445220,-57135470.809182
14640.000,-32811889.006820,-131798573.103093,-57135482.346559
14700.000,-32809725.576563,-131798815.326574,-57135474.923957
14760.000,-32807574.847707,-131799043.533693,-57135449.125279
14820.000,-32805438.177054,-131799258.192409,-57135405.600101
14880.000,-32803316.871167,-131799459.818940,-57135345.061349
14940.000,-32801212.181696,-131799648.975918,-57135268.282754
15000.000,-32799125.300941,-131799826.270379,-57135176.096082
15060.000,-32797057.357526,-131799992.351608,-57135069.388160
15120.000,-32795009.412425,-131800147.908817,-57134949.097706
15180.000,-32792982.455138,-131800293.668688,-57134816.211975
15240.000,-32790977.400194,-131800430.392776,-57134671.763223
15300.000,-32788995.083829,-131800558.874805,-57134516.825021
15360.000,-32787036.261043,-131800679.937825,-57134352.508416
15420.000,-32785101.602895,-131800794.431281,-57134179.957955
15480.000,-32783191.694086,-131800903.227984,-57134000.347599
15540.000,-32781307.030897,-131801007.220996,-57133814.876516
15600.000,-32779448.019395,-131801107.320447,-57133624.764804
15660.000,-32777614.973991,-131801204.450286,-57133431.249120
15720.000,-32775808.116315,-131801299.544989,-57133235.578262
15780.000,-32774027.574433,-131801393.546219,-57133039.008704
15840.000,-32772273.382378,-131801487.399476,-57132842.800102
15900.000,-32770545.480031,-131801582.050719,-57132648.210792
15960.000,-32768843.713335,-131801678.442994,-57132456.493289
16020.000,-32767167.834860,-131801777.513067,-57132268.889809
16080.000,-32765517.504662,-131801880.188089,-57132086.627827
16140.000,-32763892.291514,-131801987.382284,-57131910.915689
16200.000,-32762291.674447,-131802099.993687,-57131742.938292
16260.000,-32760715.044609,-131802218.900944,-57131583.852845
16320.000,-32759161.707431,-131802344.960179,-57131434.784735
16380.000,-32757630.885119,-131802479.001936,-57131296.823498
16440.000,-32756121.719429,-131802621.828221,-57131171.018928
16500.000,-32754633.274736,-131802774.209636,-57131058.377322
16560.000,-32753164.541376,-131802936.882634,-57130959.857881
16620.000,-32751714.439245,-131803110.546894,-57130876.369282
16680.000,-32750281.821665,-131803295.862821,-57130808.766426
16740.000,-32748865.479485,-131803493.449189,-57130757.847385
16800.000,-32747464.145389,-131803703.880942,-57130724.350545
16860.000,-32746076.498431,-131803927.687134,-57130708.951970
16920.000,-32744701.168746,-131804165.349048,-57130712.262980
16980.000,-32743336.742468,-131804417.298473,-57130734.827968
17040.000,-32741981.766747,-131804683.916173,-57130777.122455
17100.000,-32740634.754959,-131804965.530519,-57130839.551384
17160.000,-32739294.192011,-131805262.416325,-57130922.447680
17220.000,-32737958.539765,-131805574.793861,-57131026.071051
17280.000,-32736626.242511,-131805902.828075,-57131150.607069
17340.000,-32735295.732549,-131806246.627995,-57131296.166498
17400.000,-32733965.435767,-131806606.246351,-57131462.784901
17460.000,-32732633.777285,-131806981.679375,-57131650.422515
17520.000,-32731299.187064,-131807372.866825,-57131858.964392
17580.000,-32729960.105525,-131807779.692193,-57132088.220806
17640.000,-32728614.989111,-131808201.983122,-57132337.927939
17700.000,-32727262.315825,-131808639.512020,-57132607.748817
17760.000,-32725900.590633,-131809091.996875,-57132897.274519
17820.000,-32724528.350828,-131809559.102256,-57133206.025640
17880.000,-32723144.171244,-131810040.440514,-57133533.453999
17940.000,-32721746.669364,-131810535.573159,-57133878.944608
18000.000,-32720334.510236,-131811044.012430,-57134241.817862
18060.000,-32718906.411255,-131811565.223030,-57134621.331978
18120.000,-32717461.146751,-131812098.624036,-57135016.685638
18180.000,-32715997.552348,-131812643.590974,-57135427.020861
18240.000,-32714514.529147,-131813199.458041,-57135851.426068
18300.000,-32713011.047632,-131813765.520487,-57136288.939342
18360.000,-32711486.151360,-131814341.037119,-57136738.551868
18420.000,-32709938.960357,-131814925.232958,-57137199.211537
18480.000,-32708368.674313,-131815517.301984,-57137669.826712
18540.000,-32706774.575376,-131816116.410031,-57138149.270130
18600.000,-32705156.030759,-131816721.697750,-57138636.382930
18660.000,-32703512.494973,-131817332.283680,-57139129.978801
18720.000,-32701843.511815,-131817947.267383,-57139628.848218
18780.000,-32700148.715959,-131818565.732667,-57140131.762773
18840.000,-32698427.834266,-131819186.750852,-57140637.479562
18900.000,-32696680.686782,-131819809.384072,-57141144.745635
18960.000,-32694907.187374,-131820432.688632,-57141652.302467
19020.000,-32693107.344019,-131821055.718367,-57142158.890467
19080.000,-32691281.258784,-131821677.528023,-57142663.253477
19140.000,-32689429.127468,-131822297.176624,-57143164.143265
19200.000,-32687551.238912,-131822913.730828,-57143660.323985
19260.000,-32685647.973948,-131823526.268255,-57144150.576601
19320.000,-32683719.804032,-131824133.880785,-57144633.703242
19380.000,-32681767.289579,-131824735.677792,-57145108.531487
19440.000,-32679791.077974,-131825330.789312,-57145573.918554
19500.000,-32677791.901210,-131825918.369165,-57146028.755391
19560.000,-32675770.573319,-131826497.597957,-57146471.970636
19620.000,-32673727.987435,-131827067.686012,-57146902.534452
19680.000,-32671665.112644,-131827627.876179,-57147319.462208
19740.000,-32669582.990460,-131828177.446546,-57147721.817997
19800.000,-32667482.731156,-131828715.713007,-57148108.717987
19860.000,-32665365.509767,-131829242.031703,-57148479.333578
19920.000,-32663232.561929,-131829755.801315,-57148832.894363
19980.000,-32661085.179408,-131830256.465220,-57149168.690890
20040.000,-32658924.705544,-131830743.513465,-57149486.077189
20100.000,-32656752.530407,-131831216.484593,-57149784.473089
20160.000,-32654570.085865,-131831674.967284,-57150063.366288
20220.000,-32652378.840443,-131832118.601829,-57150322.314190
20280.000,-32650180.294088,-131832547.081407,-57150560.945479
20340.000,-32647975.972808,-131832960.153183,-57150778.961456
20400.000,-32645767.423236,-131833357.619207,-57150976.137101
20460.000,-32643556.207075,-131833739.337123,-57151152.321880
20520.000,-32641343.895540,-131834105.220678,-57151307.440281
20580.000,-32639132.063738,-131834455.240026,-57151441.492087
20640.000,-32636922.285048,-131834789.421836,-57151554.552374
20700.000,-32634716.125492,-131835107.849199,-57151646.771246
20760.000,-32632515.138138,-131835410.661330,-57151718.373293
20820.000,-32630320.857569,-131835698.053072,-57151769.656794
20880.000,-32628134.794378,-131835970.274201,-57151800.992646
20940.000,-32625958.429793,-131836227.628534,-57151812.823039
21000.000,-32623793.210368,-131836470.472851,-57151805.659877
21060.000,-32621640.542823,-131836699.215615,-57151780.082944
21120.000,-32619501.789015,-131836914.315521,-57151736.737833
21180.000,-32617378.261094,-131837116.279855,-57151676.333640
21240.000,-32615271.216777,-131837305.662690,-57151599.640422
21300.000,-32613181.854885,-131837483.062908,-57151507.486452
21360.000,-32611111.311046,-131837649.122062,-57151400.755250
21420.000,-32609060.653654,-131837804.522089,-57151280.382428
21480.000,-32607030.880028,-131837949.982880,-57151147.352344
21540.000,-32605022.912875,-131838086.259707,-57151002.694583
21600.000,-32603037.596971,-131838214.140537,-57150847.480272
21660.000,-32601075.696164,-131838334.443213,-57150682.818257
21720.000,-32599137.890628,-131838448.012544,-57150509.851130
21780.000,-32597224.774440,-131838555.717286,-57150329.751150
21840.000,-32595336.853460,-131838658.447051,-57150143.716050
21900.000,-32593474.543524,-131838757.109124,-57149952.964752
21960.000,-32591638.168958,-131838852.625233,-57149758.733010
22020.000,-32589827.961414,-131838945.928263,-57149562.268994
22080.000,-32588044.059043,-131839037.958925,-57149364.828824
22140.000,-32586286.506018,-131839129.662399,-57149167.672080
22200.000,-32584555.252352,-131839221.984968,-57148972.057297
22260.000,-32582850.154089,-131839315.870640,-57148779.237467
22320.000,-32581170.973825,-131839412.257780,-57148590.455557
22380.000,-32579517.381546,-131839512.075762,-57148406.940067
22440.000,-32577888.955806,-131839616.241660,-57148229.900635
22500.000,-32576285.185240,-131839725.656969,-57148060.523714
22560.000,-32574705.470383,-131839841.204396,-57147899.968327
22620.000,-32573149.125826,-131839963.744705,-57147749.361926
22680.000,-32571615.382641,-131840094.113655,-57147609.796360
22740.000,-32570103.391158,-131840233.119009,-57147482.323967
22800.000,-32568612.223967,-131840381.537663,-57147367.953819
22860.000,-32567140.879263,-131840540.112864,-57147267.648107
22920.000,-32565688.284404,-131840709.551569,-57147182.318704
22980.000,-32564253.299747,-131840890.521918,-57147112.823905
23040.000,-32562834.722723,-131841083.650851,-57147059.965355
23100.000,-32561431.292137,-131841289.521870,-57147024.485186
23160.000,-32560041.692666,-131841508.672962,-57147007.063363
23220.000,-32558664.559561,-131841741.594677,-57147008.315251
23280.000,-32557298.483508,-131841988.728381,-57147028.789415
23340.000,-32555942.015703,-131842250.464674,-57147068.965660
23400.000,-32554593.672982,-131842527.142005,-57147129.253316
23460.000,-32553251.943143,-131842819.045462,-57147209.989772
23520.000,-32551915.290347,-131843126.405753,-57147311.439270
23580.000,-32550582.160594,-131843449.398387,-57147433.791964
23640.000,-32549250.987299,-131843788.143039,-57147577.163233
23700.000,-32547920.196860,-131844142.703134,-57147741.593277
23760.000,-32546588.214285,-131844513.085616,-57147927.046966
23820.000,-32545253.468832,-131844899.240920,-57148133.413968
23880.000,-32543914.399625,-131845301.063152,-57148360.509148
23940.000,-32542569.461201,-131845718.390465,-57148608.073222
24000.000,-32541217.129056,-131846151.005638,-57148875.773689
24060.000,-32539855.905075,-131846598.636851,-57149163.206021
24120.000,-32538484.322916,-131847060.958646,-57149469.895105
24180.000,-32537100.953193,-131847537.593103,-57149795.296946
24240.000,-32535704.408638,-131848028.111174,-57150138.800609
24300.000,-32534293.349017,-131848532.034221,-57150499.730405
24360.000,-32532866.485954,-131849048.835715,-57150877.348308
24420.000,-32531422.587490,-131849577.943127,-57151270.856591
24480.000,-32529960.482519,-131850118.739957,-57151679.400680
24540.000,-32528479.064957,-131850670.567940,-57152102.072211
24600.000,-32526977.297699,-131851232.729392,-57152537.912276
24660.000,-32525454.216323,-131851804.489696,-57152985.914849
24720.000,-32523908.932528,-131852385.079928,-57153445.030391
24780.000,-32522340.637310,-131852973.699594,-57153914.169594
24840.000,-32520748.603864,-131853569.519486,-57154392.207282
24900.000,-32519132.190165,-131854171.684643,-57154877.986430
24960.000,-32517490.841263,-131854779.317397,-57155370.322304
25020.000,-32515824.091279,-131855391.520505,-57155868.006696
25080.000,-32514131.565059,-131856007.380345,-57156369.812244
25140.000,-32512412.979508,-131856625.970186,-57156874.496819
25200.000,-32510668.144611,-131857246.353479,-57157380.807969
25260.000,-32508896.964110,-131857867.587210,-57157887.487396
25320.000,-32507099.435851,-131858488.725252,-57158393.275454
25380.000,-32505275.651777,-131859108.821753,-57158896.915655
25440.000,-32503425.797622,-131859726.934495,-57159397.159161
25500.000,-32501550.152222,-131860342.128269,-57159892.769247
25560.000,-32499649.086547,-131860953.478200,-57160382.525725
25620.000,-32497723.062348,-131861560.073050,-57160865.229310
25680.000,-32495772.630523,-131862161.018472,-57161339.705900
25740.000,-32493798.429146,-131862755.440192,-57161804.810783
25800.000,-32491801.181189,-131863342.487135,-57162259.432723
25860.000,-32489781.691940,-131863921.334456,-57162702.497936
25920.000,-32487740.846116,-131864491.186484,-57163132.973933
25980.000,-32485679.604710,-131865051.279562,-57163549.873204
26040.000,-32483599.001566,-131865600.884766,-57163952.256754
26100.000,-32481500.139670,-131866139.310511,-57164339.237461
26160.000,-32479384.187213,-131866665.905014,-57164709.983246
26220.000,-32477252.373435,-131867180.058619,-57165063.720047
26280.000,-32475105.984203,-131867681.205975,-57165399.734589
26340.000,-32472946.357451,-131868168.828048,-57165717.376934
26400.000,-32470774.878370,-131868642.453978,-57166016.062804
26460.000,-32468592.974478,-131869101.662752,-57166295.275671
26520.000,-32466402.110514,-131869546.084715,-57166554.568603
26580.000,-32464203.783210,-131869975.402877,-57166793.565861
26640.000,-32461999.515939,-131870389.354053,-57167011.964247
26700.000,-32459790.853274,-131870787.729801,-57167209.534182
26760.000,-32457579.355464,-131871170.377162,-57167386.120531
26820.000,-32455366.592880,-131871537.199206,-57167541.643157
26880.000,-32453154.140381,-131871888.155382,-57167676.097205
26940.000,-32450943.571700,-131872223.261662,-57167789.553125
27000.000,-32448736.453822,-131872542.590478,-57167882.156413
27060.000,-32446534.341391,-131872846.270470,-57167954.127094
27120.000,-32444338.771139,-131873134.486030,-57168005.758939
27180.000,-32442151.256412,-131873407.476635,-57168037.418408
27240.000,-32439973.281756,-131873665.536003,-57168049.543344
27300.000,-32437806.297621,-131873909.011037,-57168042.641405
27360.000,-32435651.715176,-131874138.300595,-57168017.288251
27420.000,-32433510.901260,-131874353.854062,-57167974.125486
27480.000,-32431385.173505,-131874556.169754,-57167913.858360
27540.000,-32429275.795641,-131874745.793130,-57167837.253251
27600.000,-32427183.972958,-131874923.314859,-57167745.134926
27660.000,-32425110.848018,-131875089.368704,-57167638.383585
27720.000,-32423057.496562,-131875244.629268,-57167517.931724
27780.000,-32421024.923688,-131875389.809580,-57167384.760790
27840.000,-32419014.060231,-131875525.658563,-57167239.897682
27900.000,-32417025.759458,-131875652.958352,-57167084.411070
27960.000,-32415060.794002,-131875772.521513,-57166919.407582
28020.000,-32413119.853138,-131875885.188137,-57166746.027841
28080.000,-32411203.540277,-131875991.822851,-57166565.442390
28140.000,-32409312.370844,-131876093.311726,-57166378.847506
28200.000,-32407446.770400,-131876190.559129,-57166187.460923
28260.000,-32405607.073178,-131876284.484480,-57165992.517474
28320.000,-32403793.520833,-131876376.018988,-57165795.264685
28380.000,-32402006.261603,-131876466.102323,-57165596.958302
28440.000,-32400245.349778,-131876555.679266,-57165398.857813
28500.000,-32398510.745528,-131876645.696333,-57165202.221937
28560.000,-32396802.315001,-131876737.098409,-57165008.304124
28620.000,-32395119.830827,-131876830.825371,-57164818.348077
28680.000,-32393462.972926,-131876927.808740,-57164633.583304
28740.000,-32391831.329674,-131877028.968349,-57164455.220717
28800.000,-32390224.399332,-131877135.209075,-57164284.448309
28860.000,-32388641.591858,-131877247.417604,-57164122.426902
28920.000,-32387082.231033,-131877366.459265,-57163970.285999
28980.000,-32385545.556843,-131877493.174954,-57163829.119744
29040.000,-32384030.728228,-131877628.378123,-57163699.983007
29100.000,-32382536.826057,-131877772.851885,-57163583.887621
29160.000,-32381062.856430,-131877927.346220,-57163481.798752
29220.000,-32379607.754219,-131878092.575301,-57163394.631461
29280.000,-32378170.386892,-131878269.214939,-57163323.247419
29340.000,-32376749.558529,-131878457.900182,-57163268.451838
29400.000,-32375344.014117,-131878659.223044,-57163230.990584
29460.000,-32373952.444022,-131878873.730395,-57163211.547514
29520.000,-32372573.488681,-131879101.922010,-57163210.742028
29580.000,-32371205.743443,-131879344.248786,-57163229.126856
29640.000,-32369847.763593,-131879601.111133,-57163267.186084
29700.000,-32368498.069521,-131879872.857546,-57163325.333419
29760.000,-32367155.152001,-131880159.783362,-57163403.910710
29820.000,-32365817.477578,-131880462.129706,-57163503.186731
29880.000,-32364483.494052,-131880780.082632,-57163623.356212
29940.000,-32363151.636022,-131881113.772458,-57163764.539151
30000.000,-32361820.330481,-131881463.273299,-57163926.780377
30060.000,-32360488.002436,-131881828.602804,-57164110.049398
30120.000,-32359153.080524,-131882209.722097,-57164314.240501
30180.000,-32357814.002635,-131882606.535908,-57164539.173138
30240.000,-32356469.221495,-131883018.892917,-57164784.592568
30300.000,-32355117.210185,-131883446.586294,-57165050.170766
30360.000,-32353756.467600,-131883889.354432,-57165335.507600
30420.000,-32352385.523806,-131884346.881889,-57165640.132259
30480.000,-32351002.945314,-131884818.800498,-57165963.504937
30540.000,-32349607.340166,-131885304.690697,-57166305.018763
30600.000,-32348197.362930,-131885804.083014,-57166664.001973
30660.000,-32346771.719500,-131886316.459744,-57167039.720307
30720.000,-32345329.171728,-131886841.256796,-57167431.379639
30780.000,-32343868.541827,-131887377.865706,-57167838.128816
30840.000,-32342388.716604,-131887925.635805,-57168259.062698
30900.000,-32340888.651412,-131888483.876541,-57168693.225399
30960.000,-32339367.373904,-131889051.859940,-57169139.613701
31020.000,-32337823.987488,-131889628.823206,-57169597.180642
31080.000,-32336257.674539,-131890213.971439,-57170064.839262
31140.000,-32334667.699316,-131890806.480471,-57170541.466485
31200.000,-32333053.410606,-131891405.499801,-57171025.907139
31260.000,-32331414.244024,-131892010.155640,-57171516.978084
31320.000,-32329749.724045,-131892619.554015,-57172013.472443
31380.000,-32328059.465698,-131893232.783966,-57172514.163916
31440.000,-32326343.175952,-131893848.920790,-57173017.811167
31500.000,-32324600.654743,-131894467.029342,-57173523.162261
31560.000,-32322831.795702,-131895086.167372,-57174028.959141
31620.000,-32321036.586539,-131895705.388880,-57174533.942124
31680.000,-32319215.109068,-131896323.747498,-57175036.854410
31740.000,-32317367.538940,-131896940.299859,-57175536.446571
31800.000,-32315494.144991,-131897554.108964,-57176031.481019
31860.000,-32313595.288296,-131898164.247528,-57176520.736434
31920.000,-32311671.420869,-131898769.801282,-57177003.012127
31980.000,-32309723.084072,-131899369.872234,-57177477.132339
32040.000,-32307750.906647,-131899963.581878,-57177941.950436
32100.000,-32305755.602488,-131900550.074324,-57178396.353017
32160.000,-32303737.968091,-131901128.519349,-57178839.263893
32220.000,-32301698.879710,-131901698.115362,-57179269.647930
32280.000,-32299639.290215,-131902258.092261,-57179686.514759
32340.000,-32297560.225701,-131902807.714180,-57180088.922307
32400.000,-32295462.781806,-131903346.282118,-57180475.980175
32460.000,-32293348.119828,-131903873.136424,-57180846.852816
32520.000,-32291217.462539,-131904387.659159,-57181200.762522
32580.000,-32289072.089839,-131904889.276293,-57181536.992208
32640.000,-32286913.334165,-131905377.459763,-57181854.887976
32700.000,-32284742.575768,-131905851.729341,-57182153.861448
32760.000,-32282561.237748,-131906311.654359,-57182433.391876
32820.000,-32280370.780968,-131906756.855248,-57182693.028001
32880.000,-32278172.698854,-131907187.004880,-57182932.389665
32940.000,-32275968.512067,-131907601.829742,-57183151.169175
33000.000,-32273759.763042,-131908001.110913,-57183349.132396
33060.000,-32271548.010489,-131908384.684845,-57183526.119596
33120.000,-32269334.823828,-131908752.443945,-57183682.046013
33180.000,-32267121.777606,-131909104.336953,-57183816.902155
33240.000,-32264910.445824,-131909440.369137,-57183930.753842
33300.000,-32262702.396340,-131909760.602268,-57184023.741964
33360.000,-32260499.185266,-131910065.154403,-57184096.081978
33420.000,-32258302.351430,-131910354.199454,-57184148.063140
33480.000,-32256113.410827,-131910627.966584,-57184180.047471
33540.000,-32253933.851259,-131910886.739376,-57184192.468460
33600.000,-32251765.126976,-131911130.854832,-57184185.829513
33660.000,-32249608.653525,-131911360.702160,-57184160.702160
33720.000,-32247465.802639,-131911576.721400,-57184117.724003
33780.000,-32245337.897385,-131911779.401843,-57184057.596441
33840.000,-32243226.207407,-131911969.280292,-57183981.082161
33900.000,-32241131.944419,-131912146.939143,-57183889.002410
33960.000,-32239056.257843,-131912313.004312,-57183782.234063
34020.000,-32237000.230724,-131912468.143002,-57183661.706480
34080.000,-32234964.875853,-131912613.061324,-57183528.398189
34140.000,-32232951.132163,-131912748.501772,-57183383.333387
34200.000,-32230959.861353,-131912875.240586,-57183227.578274
34260.000,-32228991.844822,-131912994.084974,-57183062.237244
34320.000,-32227047.780883,-131913105.870235,-57182888.448935
34380.000,-32225128.282254,-131913211.456785,-57182707.382160
34440.000,-32223233.873886,-131913311.727081,-57182520.231723
34500.000,-32221364.991070,-131913407.582478,-57182328.214152
34560.000,-32219521.977897,-131913499.940013,-57182132.563346
34620.000,-32217705.086013,-131913589.729134,-57181934.526165
34680.000,-32215914.473752,-131913677.888381,-57181735.357970
34740.000,-32214150.205527,-131913765.362046,-57181536.318136
34800.000,-32212412.251631,-131913853.096801,-57181338.665548
34860.000,-32210700.488329,-131913942.038321,-57181143.654101
34920.000,-32209014.698315,-131914033.127907,-57180952.528215
34980.000,-32207354.571469,-131914127.299137,-57180766.518387
35040.000,-32205719.705976,-131914225.474533,-57180586.836790
35100.000,-32204109.609764,-131914328.562264,-57180414.672940
35160.000,-32202523.702261,-131914437.452913,-57180251.189442
35220.000,-32200961.316458,-131914553.016303,-57180097.517834
35280.000,-32199421.701306,-131914676.098386,-57179954.754540
35340.000,-32197904.024388,-131914807.518231,-57179823.956951
35400.000,-32196407.374907,-131914948.065102,-57179706.139641
35460.000,-32194930.766930,-131915098.495641,-57179602.270744
35520.000,-32193473.142906,-131915259.531168,-57179513.268491
35580.000,-32192033.377450,-131915431.855115,-57179439.997923
35640.000,-32190610.281371,-131915616.110577,-57179383.267803
35700.000,-32189202.605905,-131915812.898026,-57179343.827723
35760.000,-32187809.047188,-131916022.773169,-57179322.365422
35820.000,-32186428.250902,-131916246.244961,-57179319.504327
35880.000,-32185058.817138,-131916483.773790,-57179335.801327
35940.000,-32183699.305366,-131916735.769840,-57179371.744779
36000.000,-32182348.239598,-131917002.591624,-57179427.752761
36060.000,-32181004.113657,-131917284.544702,-57179504.171582
36120.000,-32179665.396569,-131917581.880597,-57179601.274538
36180.000,-32178330.538008,-131917894.795893,-57179719.260938
36240.000,-32176997.973863,-131918223.431534,-57179858.255392
36300.000,-32175666.131799,-131918567.872325,-57180018.307363
36360.000,-32174333.436898,-131918928.146623,-57180199.390991
36420.000,-32172998.317264,-131919304.226241,-57180401.405187
36480.000,-32171659.209655,-131919696.026545,-57180624.173993
36540.000,-32170314.565054,-131920103.406758,-57180867.447211
36600.000,-32168962.854217,-131920526.170459,-57181130.901298
36660.000,-32167602.573128,-131920964.066285,-57181414.140525
36720.000,-32166232.248367,-131921416.788829,-57181716.698386
36780.000,-32164850.442381,-131921883.979724,-57182038.039274
36840.000,-32163455.758622,-131922365.228927,-57182377.560389
36900.000,-32162046.846526,-131922860.076178,-57182734.593899
36960.000,-32160622.406343,-131923368.012641,-57183108.409323
37020.000,-32159181.193792,-131923888.482720,-57183498.216146
37080.000,-32157722.024469,-131924420.886042,-57183903.166645
37140.000,-32156243.778135,-131924964.579593,-57184322.358919
37200.000,-32154745.402669,-131925518.880017,-57184754.840116
37260.000,-32153225.917838,-131926083.066051,-57185199.609836
37320.000,-32151684.418808,-131926656.381100,-57185655.623714
37380.000,-32150120.079394,-131927238.035924,-57186121.797148
37440.000,-32148532.154966,-131927827.211471,-57186597.009181
37500.000,-32146919.985136,-131928423.061788,-57187080.106507
37560.000,-32145282.996114,-131929024.717036,-57187569.907595
37620.000,-32143620.702774,-131929631.286598,-57188065.206917
37680.000,-32141932.710356,-131930241.862251,-57188564.779253
37740.000,-32140218.715885,-131930855.521414,-57189067.384074
37800.000,-32138478.509269,-131931471.330429,-57189571.769981
37860.000,-32136711.974051,-131932088.347891,-57190076.679173
37920.000,-32134919.087787,-131932705.628017,-57190580.851949
37980.000,-32133099.922170,-131933322.224008,-57191083.031213
38040.000,-32131254.642743,-131933937.191432,-57191581.966963
38100.000,-32129383.508341,-131934549.591588,-57192076.420767
38160.000,-32127486.870128,-131935158.494861,-57192565.170187
38220.000,-32125565.170364,-131935762.984033,-57193047.013152
38280.000,-32123618.940816,-131936362.157555,-57193520.772253
38340.000,-32121648.800884,-131936955.132762,-57193985.298957
38400.000,-32119655.455340,-131937541.049027,-57194439.477711
38460.000,-32117639.691851,-131938119.070825,-57194882.229932
38520.000,-32115602.378144,-131938688.390716,-57195312.517862
38580.000,-32113544.458930,-131939248.232220,-57195729.348280
38640.000,-32111466.952494,-131939797.852598,-57196131.776053
38700.000,-32109370.947081,-131940336.545491,-57196518.907514
38760.000,-32107257.597002,-131940863.643444,-57196889.903660
38820.000,-32105128.118516,-131941378.520286,-57197243.983148
38880.000,-32102983.785469,-131941880.593364,-57197580.425094
38940.000,-32100825.924767,-131942369.325622,-57197898.571645
39000.000,-32098655.911609,-131942844.227516,-57198197.830336
39060.000,-32096475.164601,-131943304.858760,-57198477.676205
39120.000,-32094285.140663,-131943750.829898,-57198737.653670
39180.000,-32092087.329842,-131944181.803694,-57198977.378161
39240.000,-32089883.249978,-131944597.496334,-57199196.537493
39300.000,-32087674.441292,-131944997.678436,-57199394.892981
39360.000,-32085462.460879,-131945382.175872,-57199572.280296
39420.000,-32083248.877138,-131945750.870390,-57199728.610052
39480.000,-32081035.264177,-131946103.700035,-57199863.868123
39540.000,-32078823.196193,-131946440.659367,-57199978.115696
39600.000,-32076614.241839,-131946761.799485,-57200071.489053
39660.000,-32074409.958622,-131947067.227844,-57200144.199081
39720.000,-32072211.887350,-131947357.107872,-57200196.530519
39780.000,-32070021.546610,-131947631.658386,-57200228.840941
39840.000,-32067840.427361,-131947891.152813,-57200241.559478
39900.000,-32065669.987591,-131948135.918214,-57200235.185279
39960.000,-32063511.647120,-131948366.334120,-57200210.285732
40020.000,-32061366.782518,-131948582.831178,-57200167.494432
40080.000,-32059236.722212,-131948785.889609,-57200107.508917
40140.000,-32057122.741702,-131948976.037508,-57200031.088172
40200.000,-32055026.059035,-131949153.848946,-57199939.049916
40260.000,-32052947.830435,-131949319.941937,-57199832.267681
40320.000,-32050889.146195,-131949474.976221,-57199711.667685
40380.000,-32048851.026756,-131949619.650918,-57199578.225521
40440.000,-32046834.419074,-131949754.702036,-57199432.962669
40500.000,-32044840.193244,-131949880.899840,-57199276.942846
40560.000,-32042869.139385,-131949999.046109,-57199111.268198
40620.000,-32040921.964811,-131950109.971275,-57198937.075362
40680.000,-32038999.291513,-131950214.531463,-57198755.531404
40740.000,-32037101.653933,-131950313.605434,-57198567.829641
40800.000,-32035229.497062,-131950408.091452,-57198375.185378
40860.000,-32033383.174846,-131950498.904082,-57198178.831562
40920.000,-32031562.948914,-131950586.970926,-57197980.014371
40980.000,-32029768.987652,-131950673.229317,-57197779.988763
41040.000,-32028001.365608,-131950758.622968,-57197580.013984
41100.000,-32026260.063209,-131950844.098618,-57197381.349070
41160.000,-32024544.966843,-131950930.602645,-57197185.248339
41220.000,-32022855.869258,-131951019.077697,-57196992.956915
41280.000,-32021192.470322,-131951110.459322,-57196805.706267
41340.000,-32019554.378064,-131951205.672638,-57196624.709812
41400.000,-32017941.110096,-131951305.629034,-57196451.158572
41460.000,-32016352.095329,-131951411.222912,-57196286.216920
41520.000,-32014786.676022,-131951523.328502,-57196131.018414
41580.000,-32013244.110115,-131951642.796742,-57195986.661743
41640.000,-32011723.573902,-131951770.452243,-57195854.206801
41700.000,-32010224.164951,-131951907.090347,-57195734.670895
41760.000,-32008744.905350,-131952053.474292,-57195629.025111
41820.000,-32007284.745180,-131952210.332486,-57195538.190837
41880.000,-32005842.566283,-131952378.355912,-57195463.036472
41940.000,-32004417.186233,-131952558.195663,-57195404.374322
42000.000,-32003007.362608,-131952750.460611,-57195362.957690
42060.000,-32001611.797371,-131952955.715251,-57195339.478191
42120.000,-32000229.141544,-131953174.477673,-57195334.563269
42180.000,-31998858.000001,-131953407.217723,-57195348.773964
42240.000,-31997496.936496,-131953654.355316,-57195382.602897
42300.000,-31996144.478745,-131953916.258952,-57195436.472515
42360.000,-31994799.123703,-131954193.244393,-57195510.733577
42420.000,-31993459.342953,-131954485.573534,-57195605.663900
42480.000,-31992123.588133,-131954793.453475,-57195721.467369
42540.000,-31990790.296508,-131955117.035776,-57195858.273203
42600.000,-31989457.896501,-131955456.415924,-57196016.135497
42660.000,-31988124.813351,-131955811.632985,-57196195.033028
42720.000,-31986789.474713,-131956182.669467,-57196394.869327
42780.000,-31985450.316311,-131956569.451378,-57196615.473031
42840.000,-31984105.787470,-131956971.848498,-57196856.598488
42900.000,-31982754.356699,-131957389.674837,-57197117.926641
42960.000,-31981394.517146,-131957822.689301,-57197399.066167
43020.000,-31980024.791992,-131958270.596546,-57197699.554876
43080.000,-31978643.739710,-131958733.048040,-57198018.861363
43140.000,-31977249.959224,-131959209.643298,-57198356.386909
43200.000,-31975842.094919,-131959699.931315,-57198711.467621
43260.000,-31974418.841479,-131960203.412171,-57199083.376809
43320.000,-31972978.948543,-131960719.538818,-57199471.327577
43380.000,-31971521.225181,-131961247.719028,-57199874.475646
43440.000,-31970044.544143,-131961787.317504,-57200291.922365
43500.000,-31968547.845894,-131962337.658151,-57200722.717929
43560.000,-31967030.142394,-131962898.026479,-57201165.864771
43620.000,-31965490.520619,-131963467.672160,-57201620.321133
43680.000,-31963928.145833,-131964045.811701,-57202085.004789
43740.000,-31962342.264574,-131964631.631233,-57202558.796913
43800.000,-31960732.207331,-131965224.289422,-57203040.546083
43860.000,-31959097.390946,-131965822.920467,-57203529.072395
43920.000,-31957437.320689,-131966426.637187,-57204023.171683
43980.000,-31955751.592048,-131967034.534182,-57204521.619822
44040.000,-31954039.892138,-131967645.691070,-57205023.177112
44100.000,-31952302.000845,-131968259.175765,-57205526.592701
44160.000,-31950537.791601,-131968874.047802,-57206030.609066
44220.000,-31948747.231845,-131969489.361692,-57206533.966504
44280.000,-31946930.383127,-131970104.170296,-57207035.407637
44340.000,-31945087.400901,-131970717.528197,-57207533.681911
44400.000,-31943218.533955,-131971328.495083,-57208027.550062
44460.000,-31941324.123538,-131971936.139090,-57208515.788553
44520.000,-31939404.602127,-131972539.540134,-57208997.193944
44580.000,-31937460.491888,-131973137.793187,-57209470.587198
44640.000,-31935492.402806,-131973730.011513,-57209934.817894
44700.000,-31933501.030524,-131974315.329818,-57210388.768345
44760.000,-31931487.153831,-131974892.907350,-57210831.357587
44820.000,-31929451.631891,-131975461.930892,-57211261.545252
44880.000,-31927395.401177,-131976021.617663,-57211678.335282
44940.000,-31925319.472129,-131976571.218108,-57212080.779494
45000.000,-31923224.925531,-131977110.018578,-57212467.980968
45060.000,-31921112.908654,-131977637.343871,-57212839.097255
45120.000,-31918984.631172,-131978152.559639,-57213193.343390
45180.000,-31916841.360815,-131978655.074658,-57213529.994696
45240.000,-31914684.418866,-131979144.342928,-57213848.389379
45300.000,-31912515.175420,-131979619.865629,-57214147.930890
45360.000,-31910335.044501,-131980081.192894,-57214428.090062
45420.000,-31908145.478999,-131980527.925422,-57214688.407000
45480.000,-31905947.965508,-131980959.715890,-57214928.492723
45540.000,-31903744.018976,-131981376.270205,-57215148.030560
45600.000,-31901535.177319,-131981777.348546,-57215346.777279
45660.000,-31899322.995915,-131982162.766223,-57215524.563957
45720.000,-31897109.042063,-131982532.394332,-57215681.296584
45780.000,-31894894.889363,-131982886.160221,-57215816.956401
45840.000,-31892682.112106,-131983224.047744,-57215931.599963
45900.000,-31890472.279654,-131983546.097323,-57216025.358940
45960.000,-31888266.950828,-131983852.405801,-57216098.439647
46020.000,-31886067.668335,-131984143.126099,-57216151.122303
46080.000,-31883875.953263,-131984418.466670,-57216183.760032
46140.000,-31881693.299642,-131984678.690757,-57216196.777596
46200.000,-31879521.169119,-131984924.115453,-57216190.669885
46260.000,-31877360.985726,-131985155.110569,-57216166.000136
46320.000,-31875214.130790,-131985372.097319,-57216123.397929
46380.000,-31873081.937996,-131985575.546817,-57216063.556930
46440.000,-31870965.688651,-131985765.978391,-57215987.232413
46500.000,-31868866.607069,-131985943.957741,-57215895.238559
46560.000,-31866785.856219,-131986110.094911,-57215788.445546
46620.000,-31864724.533552,-131986265.042127,-57215667.776434
46680.000,-31862683.667125,-131986409.491451,-57215534.203870
46740.000,-31860664.211874,-131986544.172330,-57215388.746605
46800.000,-31858667.046225,-131986669.848991,-57215232.465855
46860.000,-31856692.968961,-131986787.317709,-57215066.461506
46920.000,-31854742.696377,-131986897.403970,-57214891.868179
46980.000,-31852816.859696,-131987000.959529,-57214709.851174
47040.000,-31850916.002830,-131987098.859372,-57214521.602308
47100.000,-31849040.580429,-131987191.998593,-57214328.335645
47160.000,-31847190.956280,-131987281.289197,-57214131.283162
47220.000,-31845367.401976,-131987367.656859,-57213931.690343
47280.000,-31843570.095958,-131987452.037614,-57213730.811721
47340.000,-31841799.122881,-131987535.374518,-57213529.906400
47400.000,-31840054.473325,-131987618.614285,-57213330.233546
47460.000,-31838336.043799,-131987702.703915,-57213133.047888
47520.000,-31836643.637130,-131987788.587309,-57212939.595231
47580.000,-31834976.963158,-131987877.201910,-57212751.108003
47640.000,-31833335.639802,-131987969.475347,-57212568.800847
47700.000,-31831719.194372,-131988066.322143,-57212393.866277
47760.000,-31830127.065300,-131988168.640440,-57212227.470417
47820.000,-31828558.604143,-131988277.308797,-57212070.748828
47880.000,-31827013.077874,-131988393.183062,-57211924.802451
47940.000,-31825489.671534,-131988517.093313,-57211790.693668
48000.000,-31823987.491115,-131988649.840901,-57211669.442506
48060.000,-31822505.566770,-131988792.195591,-57211562.022987
48120.000,-31821042.856269,-131988944.892814,-57211469.359647
48180.000,-31819598.248743,-131989108.631043,-57211392.324230
48240.000,-31818170.568620,-131989284.069306,-57211331.732570
48300.000,-31816758.579849,-131989471.824832,-57211288.341678
48360.000,-31815360.990304,-131989672.470849,-57211262.847029
48420.000,-31813976.456414,-131989886.534537,-57211255.880079
48480.000,-31812603.587944,-131990114.495154,-57211268.006009
48540.000,-31811240.952971,-131990356.782320,-57211299.721700
48600.000,-31809887.083009,-131990613.774486,-57211351.453958
48660.000,-31808540.478240,-131990885.797584,-57211423.557990
48720.000,-31807199.612876,-131991173.123864,-57211516.316131
48780.000,-31805862.940613,-131991475.970925,-57211629.936835
48840.000,-31804528.900151,-131991794.500935,-57211764.553933
48900.000,-31803195.920780,-131992128.820052,-57211920.226150
48960.000,-31801862.427986,-131992478.978048,-57212096.936896
49020.000,-31800526.849069,-131992844.968128,-57212294.594328
49080.000,-31799187.618767,-131993226.726960,-57212513.031677
49140.000,-31797843.184858,-131993624.134889,-57212752.007842
49200.000,-31796492.013687,-131994037.016376,-57213011.208256
49260.000,-31795132.595653,-131994465.140617,-57213290.246007
49320.000,-31793763.450607,-131994908.222365,-57213588.663225
49380.000,-31792383.133136,-131995365.922950,-57213905.932716
49440.000,-31790990.237720,-131995837.851488,-57214241.459850
49500.000,-31789583.403760,-131996323.566270,-57214594.584684
49560.000,-31788161.320435,-131996822.576343,-57214964.584323
49620.000,-31786722.731393,-131997334.343253,-57215350.675507
49680.000,-31785266.439224,-131997858.282975,-57215752.017408
49740.000,-31783791.309755,-131998393.767988,-57216167.714638
49800.000,-31782296.276085,-131998940.129517,-57216596.820451
49860.000,-31780780.342410,-131999496.659918,-57217038.340128
49920.000,-31779242.587571,-132000062.615198,-57217491.234532
49980.000,-31777682.168346,-132000637.217676,-57217954.423827
50040.000,-31776098.322465,-132001219.658748,-57218426.791334
50100.000,-31774490.371336,-132001809.101778,-57218907.187529
50160.000,-31772857.722463,-132002404.685077,-57219394.434151
50220.000,-31771199.871563,-132003005.524980,-57219887.328411
50280.000,-31769516.404365,-132003610.718997,-57220384.647301
50340.000,-31767806.998103,-132004219.349028,-57220885.151960
50400.000,-31766071.422651,-132004830.484646,-57221387.592106
50460.000,-31764309.541353,-132005443.186406,-57221890.710506
50520.000,-31762521.311521,-132006056.509204,-57222393.247473
50580.000,-31760706.784564,-132006669.505642,-57222893.945367
50640.000,-31758866.105829,-132007281.229411,-57223391.553095
50700.000,-31756999.514064,-132007890.738664,-57223884.830582
50760.000,-31755107.340574,-132008497.099379,-57224372.553206
50820.000,-31753190.008022,-132009099.388688,-57224853.516176
50880.000,-31751248.028952,-132009696.698165,-57225326.538840
50940.000,-31749282.003926,-132010288.137075,-57225790.468908
51000.000,-31747292.619391,-132010872.835544,-57226244.186570
51060.000,-31745280.645212,-132011449.947670,-57226686.608500
51120.000,-31743246.931959,-132012018.654525,-57227116.691732
51180.000,-31741192.407828,-132012578.167095,-57227533.437386
51240.000,-31739118.075334,-132013127.729085,-57227935.894241
51300.000,-31737025.007747,-132013666.619613,-57228323.162136
51360.000,-31734914.345254,-132014194.155788,-57228694.395190
51420.000,-31732787.290864,-132014709.695145,-57229048.804822
51480.000,-31730645.106125,-132015212.637937,-57229385.662576
51540.000,-31728489.106616,-132015702.429274,-57229704.302724
51600.000,-31726320.657261,-132016178.561099,-57230004.124643
51660.000,-31724141.167434,-132016640.574003,-57230284.594967
51720.000,-31721952.085917,-132017088.058870,-57230545.249492
51780.000,-31719754.895742,-132017520.658328,-57230785.694836
51840.000,-31717551.108908,-132017938.068026,-57231005.609846
51900.000,-31715342.260928,-132018340.037723,-57231204.746743
51960.000,-31713129.905392,-132018726.372180,-57231382.932015
52020.000,-31710915.608395,-132019096.931855,-57231540.067030
52080.000,-31708700.942960,-132019451.633398,-57231676.128394
52140.000,-31706487.483383,-132019790.449960,-57231791.168030
52200.000,-31704276.799645,-132020113.411278,-57231885.312998
52260.000,-31702070.451780,-132020420.603574,-57231958.765033
52320.000,-31699869.984333,-132020712.169244,-57232011.799833
52380.000,-31697676.920791,-132020988.306360,-57232044.766065
52440.000,-31695492.758196,-132021249.267950,-57232058.084123
52500.000,-31693318.961753,-132021495.361109,-57232052.244623
52560.000,-31691156.959630,-132021726.945895,-57232027.806650
52620.000,-31689008.137828,-132021944.434048,-57231985.395758
52680.000,-31686873.835246,-132022148.287526,-57231925.701732
52740.000,-31684755.338894,-132022339.016849,-57231849.476124
52800.000,-31682653.879296,-132022517.179285,-57231757.529568
52860.000,-31680570.626099,-132022683.376860,-57231650.728873
52920.000,-31678506.683880,-132022838.254212,-57231529.993933
52980.000,-31676463.088210,-132022982.496292,-57231396.294433
53040.000,-31674440.801965,-132023116.825918,-57231250.646382
53100.000,-31672440.711864,-132023242.001202,-57231094.108482
53160.000,-31670463.625315,-132023358.812845,-57230927.778342
53220.000,-31668510.267537,-132023468.081311,-57230752.788551
53280.000,-31666581.278949,-132023570.653909,-57230570.302632
53340.000,-31664677.212908,-132023667.401767,-57230381.510880
53400.000,-31662798.533708,-132023759.216723,-57230187.626106
53460.000,-31660945.614937,-132023847.008148,-57229989.879301
53520.000,-31659118.738135,-132023931.699701,-57229789.515233
53580.000,-31657318.091798,-132024014.226033,-57229587.787999
53640.000,-31655543.770696,-132024095.529454,-57229385.956538
53700.000,-31653795.775535,-132024176.556575,-57229185.280133
53760.000,-31652074.012954,-132024258.254927,-57228987.013904
53820.000,-31650378.295872,-132024341.569582,-57228792.404325
53880.000,-31648708.344137,-132024427.439787,-57228602.684763
53940.000,-31647063.785534,-132024516.795607,-57228419.071070
54000.000,-31645444.157127,-132024610.554611,-57228242.757237
54060.000,-31643848.906901,-132024709.618598,-57228074.911122
54120.000,-31642277.395729,-132024814.870383,-57227916.670275
54180.000,-31640728.899669,-132024927.170645,-57227769.137874
54240.000,-31639202.612539,-132025047.354856,-57227633.378774
54300.000,-31637697.648809,-132025176.230304,-57227510.415707
54360.000,-31636213.046758,-132025314.573210,-57227401.225619
54420.000,-31634747.771904,-132025463.125963,-57227306.736181
54480.000,-31633300.720706,-132025622.594469,-57227227.822469
54540.000,-31631870.724516,-132025793.645632,-57227165.303838
54600.000,-31630456.553732,-132025976.904978,-57227119.940990
54660.000,-31629056.922210,-132026172.954421,-57227092.433255
54720.000,-31627670.491843,-132026382.330189,-57227083.416093
54780.000,-31626295.877370,-132026605.520907,-57227093.458815
54840.000,-31624931.651286,-132026842.965860,-57227123.062557
54900.000,-31623576.348967,-132027095.053421,-57227172.658479
54960.000,-31622228.473893,-132027362.119668,-57227242.606229
55020.000,-31620886.503006,-132027644.447182,-57227333.192655
55080.000,-31619548.892131,-132027942.264041,-57227444.630782
55140.000,-31618214.081516,-132028255.743006,-57227577.059046
55200.000,-31616880.501379,-132028585.000903,-57227730.540801
55260.000,-31615546.577542,-132028930.098208,-57227905.064095
55320.000,-31614210.737030,-132029291.038829,-57228100.541708
55380.000,-31612871.413709,-132029667.770092,-57228316.811467
55440.000,-31611527.053865,-132030060.182930,-57228553.636828
55500.000,-31610176.121780,-132030468.112268,-57228810.707714
55560.000,-31608817.105187,-132030891.337616,-57229087.641633
55620.000,-31607448.520688,-132031329.583853,-57229383.985040
55680.000,-31606068.919052,-132031782.522206,-57229699.214958
55740.000,-31604676.890401,-132032249.771426,-57230032.740854
55800.000,-31603271.069228,-132032730.899144,-57230383.906743
55860.000,-31601850.139287,-132033225.423417,-57230751.993538
55920.000,-31600412.838293,-132033732.814441,-57231136.221621
55980.000,-31598957.962425,-132034252.496448,-57231535.753629
56040.000,-31597484.370652,-132034783.849748,-57231949.697449
56100.000,-31595990.988771,-132035326.212952,-57232377.109407
56160.000,-31594476.813263,-132035878.885324,-57232816.997644
56220.000,-31592940.914876,-132036441.129282,-57233268.325658
56280.000,-31591382.441973,-132037012.173020,-57233730.016018
56340.000,-31589800.623511,-132037591.213278,-57234200.954208
56400.000,-31588194.771850,-132038177.418193,-57234679.992616
56460.000,-31586564.285183,-132038769.930271,-57235165.954640
56520.000,-31584908.649711,-132039367.869442,-57235657.638887
56580.000,-31583227.441438,-132039970.336206,-57236153.823478
56640.000,-31581520.327717,-132040576.414834,-57236653.270412
56700.000,-31579787.068430,-132041185.176639,-57237154.729990
56760.000,-31578027.516859,-132041795.683281,-57237656.945289
56820.000,-31576241.620170,-132042406.990127,-57238158.656654
56880.000,-31574429.419642,-132043018.149609,-57238658.606200
56940.000,-31572591.050499,-132043628.214609,-57239155.542313
57000.000,-31570726.741439,-132044236.241834,-57239648.224121
57060.000,-31568836.813810,-132044841.295182,-57240135.425935
57120.000,-31566921.680455,-132045442.449084,-57240615.941630
57180.000,-31564981.844244,-132046038.791805,-57241088.588957
57240.000,-31563017.896288,-132046629.428687,-57241552.213768
57300.000,-31561030.513803,-132047213.485355,-57242005.694150
57360.000,-31559020.457711,-132047790.110824,-57242447.944428
57420.000,-31556988.569906,-132048358.480543,-57242877.919050
57480.000,-31554935.770273,-132048917.799327,-57243294.616330
57540.000,-31552863.053364,-132049467.304203,-57243697.082021
57600.000,-31550771.484871,-132050006.267126,-57244084.412734
57660.000,-31548662.197807,-132050533.997579,-57244455.759165
57720.000,-31546536.388474,-132051049.845033,-57244810.329133
57780.000,-31544395.312165,-132051553.201271,-57245147.390409
57840.000,-31542240.278704,-132052043.502557,-57245466.273341
57900.000,-31540072.647742,-132052520.231644,-57245766.373240
57960.000,-31537893.823927,-132052982.919625,-57246047.152550
58020.000,-31535705.251861,-132053431.147600,-57246308.142764
58080.000,-31533508.410954,-132053864.548176,-57246548.946103
58140.000,-31531304.810127,-132054282.806774,-57246769.236935
58200.000,-31529095.982449,-132054685.662750,-57246968.762942
58260.000,-31526883.479620,-132055072.910331,-57247147.346023
58320.000,-31524668.866456,-132055444.399345,-57247304.882925
58380.000,-31522453.715287,-132055800.035759,-57247441.345621
58440.000,-31520239.600353,-132056139.782012,-57247556.781401
58500.000,-31518028.092160,-132056463.657152,-57247651.312711
58560.000,-31515820.751884,-132056771.736771,-57247725.136708
58620.000,-31513619.125796,-132057064.152727,-57247778.524562
58680.000,-31511424.739722,-132057341.092684,-57247811.820481
58740.000,-31509239.093614,-132057602.799437,-57247825.440482
58800.000,-31507063.656173,-132057849.570048,-57247819.870904
58860.000,-31504899.859609,-132058081.754788,-57247795.666670
58920.000,-31502749.094523,-132058299.755889,-57247753.449299
58980.000,-31500612.704957,-132058504.026100,-57247693.904689
59040.000,-31498491.983560,-132058695.067088,-57247617.780661
59100.000,-31496388.166993,-132058873.427638,-57247525.884284
59160.000,-31494302.431505,-132059039.701701,-57247419.078995
59220.000,-31492235.888736,-132059194.526268,-57247298.281504
59280.000,-31490189.581738,-132059338.579112,-57247164.458522
59340.000,-31488164.481251,-132059472.576356,-57247018.623304
59400.000,-31486161.482240,-132059597.269930,-57246861.832022
59460.000,-31484181.400700,-132059713.444883,-57246695.179993
59520.000,-31482224.970727,-132059821.916584,-57246519.797761
59580.000,-31480292.841910,-132059923.527817,-57246336.847055
59640.000,-31478385.577000,-132060019.145772,-57246147.516633
59700.000,-31476503.649914,-132060109.658954,-57245953.018034
59760.000,-31474647.444033,-132060195.974010,-57245754.581247
59820.000,-31472817.250826,-132060279.012500,-57245553.450309
59880.000,-31471013.268818,-132060359.707610,-57245350.878862
59940.000,-31469235.602888,-132060439.000817,-57245148.125666
60000.000,-31467484.263877,-132060517.838539,-57244946.450102
60060.000,-31465759.168556,-132060597.168756,-57244747.107664
60120.000,-31464060.139937,-132060677.937626,-57244551.345476
60180.000,-31462386.907890,-132060761.086114,-57244360.397831
60240.000,-31460739.110109,-132060847.546633,-57244175.481772
60300.000,-31459116.293415,-132060938.239721,-57243997.792750
60360.000,-31457517.915358,-132061034.070756,-57243828.500341
60420.000,-31455943.346193,-132061135.926723,-57243668.744071
60480.000,-31454391.871079,-132061244.673057,-57243519.629337
60540.000,-31452862.692680,-132061361.150549,-57243382.223455
60600.000,-31451354.933966,-132061486.172353,-57243257.551845
60660.000,-31449867.641403,-132061620.521079,-57243146.594367
60720.000,-31448399.788310,-132061764.946007,-57243050.281812
60780.000,-31446950.278545,-132061920.160412,-57242969.492578
60840.000,-31445517.950424,-132062086.839019,-57242905.049527
60900.000,-31444101.580880,-132062265.615593,-57242857.717044
60960.000,-31442699.889818,-132062457.080684,-57242828.198306
61020.000,-31441311.544679,-132062661.779519,-57242817.132762
61080.000,-31439935.165219,-132062880.210055,-57242825.093852
61140.000,-31438569.328449,-132063112.821199,-57242852.586954
61200.000,-31437212.573690,-132063360.011215,-57242900.047580
61260.000,-31435863.407799,-132063622.126297,-57242967.839814
61320.000,-31434520.310527,-132063899.459334,-57243056.255013
61380.000,-31433181.739918,-132064192.248867,-57243165.510767
61440.000,-31431846.137844,-132064500.678237,-57243295.750117
61500.000,-31430511.935549,-132064824.874929,-57243447.041047
61560.000,-31429177.559268,-132065164.910120,-57243619.376238
61620.000,-31427841.435838,-132065520.798423,-57243812.673098
61680.000,-31426501.998343,-132065892.497830,-57244026.774054
61740.000,-31425157.691676,-132066279.909872,-57244261.447114
61800.000,-31423806.978117,-132066682.879959,-57244516.386704
61860.000,-31422448.342816,-132067101.197939,-57244791.214751
61920.000,-31421080.299223,-132067534.598838,-57245085.482042
61980.000,-31419701.394374,-132067982.763817,-57245398.669827
62040.000,-31418310.214090,-132068445.321299,-57245730.191675
62100.000,-31416905.388043,-132068921.848295,-57246079.395569
62160.000,-31415485.594635,-132069411.871918,-57246445.566239
62220.000,-31414049.565720,-132069914.871065,-57246827.927720
62280.000,-31412596.091142,-132070430.278274,-57247225.646125
62340.000,-31411124.023049,-132070957.481754,-57247637.832627
62400.000,-31409632.280006,-132071495.827559,-57248063.546637
62460.000,-31408119.850850,-132072044.621925,-57248501.799169
62520.000,-31406585.798298,-132072603.133744,-57248951.556373
62580.000,-31405029.262298,-132073170.597172,-57249411.743234
62640.000,-31403449.463114,-132073746.214355,-57249881.247415
62700.000,-31401845.704091,-132074329.158283,-57250358.923233
62760.000,-31400217.374152,-132074918.575734,-57250843.595757
62820.000,-31398563.949989,-132075513.590318,-57251334.065011
62880.000,-31396884.997924,-132076113.305603,-57251829.110259
62940.000,-31395180.175455,-132076716.808315,-57252327.494375
63000.000,-31393449.232483,-132077323.171590,-57252827.968264
63060.000,-31391692.012205,-132077931.458288,-57253329.275328
63120.000,-31389908.451684,-132078540.724325,-57253830.155960
63180.000,-31388098.582050,-132079150.022050,-57254329.352049
63240.000,-31386262.528415,-132079758.403619,-57254825.611474
63300.000,-31384400.509403,-132080364.924381,-57255317.692587
63360.000,-31382512.836388,-132080968.646240,-57255804.368647
63420.000,-31380599.912367,-132081568.641010,-57256284.432210
63480.000,-31378662.230527,-132082163.993721,-57256756.699445
63540.000,-31376700.372476,-132082753.805883,-57257220.014367
63600.000,-31374715.006181,-132083337.198691,-57257673.252969
63660.000,-31372706.883567,-132083913.316158,-57258115.327244
63720.000,-31370676.837831,-132084481.328173,-57258545.189071
63780.000,-31368625.780468,-132085040.433462,-57258961.833968
63840.000,-31366554.698023,-132085589.862438,-57259364.304677
63900.000,-31364464.648551,-132086128.879957,-57259751.694594
63960.000,-31362356.757846,-132086656.787936,-57260123.151002
64020.000,-31360232.215425,-132087172.927837,-57260477.878130
64080.000,-31358092.270260,-132087676.683031,-57260815.139989
64140.000,-31355938.226337,-132088167.480981,-57261134.263010
64200.000,-31353771.437983,-132088644.795298,-57261434.638448
64260.000,-31351593.305032,-132089108.147612,-57261715.724562
64320.000,-31349405.267821,-132089557.109280,-57261977.048550
64380.000,-31347208.802057,-132089991.302916,-57262218.208241
64440.000,-31345005.413533,-132090410.403736,-57262438.873531
64500.000,-31342796.632747,-132090814.140719,-57262638.787563
64560.000,-31340584.009438,-132091202.297574,-57262817.767650
64620.000,-31338369.107060,-132091574.713509,-57262975.705924
64680.000,-31336153.497179,-132091931.283809,-57263112.569719
64740.000,-31333938.753868,-132092271.960208,-57263228.401697
64800.000,-31331726.448079,-132092596.751061,-57263323.319685
64860.000,-31329518.142050,-132092905.721313,-57263397.516262
64920.000,-31327315.383694,-132093198.992275,-57263451.258064
64980.000,-31325119.701090,-132093476.741183,-57263484.884837
65040.000,-31322932.597004,-132093739.200574,-57263498.808215
65100.000,-31320755.543561,-132093986.657448,-57263493.510255
65160.000,-31318589.976946,-132094219.452253,-57263469.541708
65220.000,-31316437.292281,-132094437.977670,-57263427.520054
65280.000,-31314298.838648,-132094642.677208,-57263368.127290
65340.000,-31312175.914288,-132094834.043623,-57263292.107497
65400.000,-31310069.761927,-132095012.617168,-57263200.264172
65460.000,-31307981.564350,-132095178.983660,-57263093.457362
65520.000,-31305912.440191,-132095333.772391,-57262972.600586
65580.000,-31303863.439931,-132095477.653884,-57262838.657568
65640.000,-31301835.542129,-132095611.337505,-57262692.638792
65700.000,-31299829.649934,-132095735.568929,-57262535.597888
65760.000,-31297846.587867,-132095851.127485,-57262368.627868
65820.000,-31295887.098888,-132095958.823369,-57262192.857212
65880.000,-31293951.841696,-132096059.494763,-57262009.445839
65940.000,-31292041.388427,-132096154.004839,-57261819.580957
66000.000,-31290156.222574,-132096243.238687,-57261624.472817
66060.000,-31288296.737298,-132096328.100146,-57261425.350386
66120.000,-31286463.233971,-132096409.508597,-57261223.456957
66180.000,-31284655.921146,-132096488.395671,-57261020.045698
66240.000,-31282874.913784,-132096565.701932,-57260816.375172
66300.000,-31281120.232884,-132096642.373514,-57260613.704841
66360.000,-31279391.805344,-132096719.358762,-57260413.290559
66420.000,-31277689.464273,-132096797.604833,-57260216.380082
66480.000,-31276012.949570,-132096878.054328,-57260024.208608
66540.000,-31274361.908861,-132096961.641924,-57259837.994360
66600.000,-31272735.898747,-132097049.291043,-57259658.934230
66660.000,-31271134.386391,-132097141.910560,-57259488.199499
66720.000,-31269556.751435,-132097240.391553,-57259326.931649
66780.000,-31268002.288194,-132097345.604136,-57259176.238283
66840.000,-31266470.208202,-132097458.394343,-57259037.189163
66900.000,-31264959.643005,-132097579.581122,-57258910.812387
66960.000,-31263469.647281,-132097709.953402,-57258798.090710
67020.000,-31261999.202207,-132097850.267291,-57258699.958034
67080.000,-31260547.219109,-132098001.243367,-57258617.296063
67140.000,-31259112.543345,-132098163.564113,-57258550.931159
67200.000,-31257693.958426,-132098337.871485,-57258501.631379
67260.000,-31256290.190367,-132098524.764618,-57258470.103732
67320.000,-31254899.912244,-132098724.797688,-57258456.991655
67380.000,-31253521.748922,-132098938.477936,-57258462.872704
67440.000,-31252154.281974,-132099166.263863,-57258488.256496
67500.000,-31250796.054754,-132099408.563585,-57258533.582885
67560.000,-31249445.577594,-132099665.733383,-57258599.220386
67620.000,-31248101.333123,-132099938.076432,-57258685.464863
67680.000,-31246761.781693,-132100225.841715,-57258792.538467
67740.000,-31245425.366878,-132100529.223142,-57258920.588843
67800.000,-31244090.521037,-132100848.358847,-57259069.688602
67860.000,-31242755.670913,-132101183.330702,-57259239.835060
67920.000,-31241419.243246,-132101534.164028,-57259430.950252
67980.000,-31240079.670400,-132101900.827494,-57259642.881205
68040.000,-31238735.395970,-132102283.233235,-57259875.400490
68100.000,-31237384.880327,-132102681.237166,-57260128.207031
68160.000,-31236026.606128,-132103094.639490,-57260400.927185
68220.000,-31234659.083728,-132103523.185417,-57260693.116074
68280.000,-31233280.856525,-132103966.566064,-57261004.259183
68340.000,-31231890.506131,-132104424.419562,-57261333.774189
68400.000,-31230486.657456,-132104896.332349,-57261681.013053
68460.000,-31229067.983619,-132105381.840638,-57262045.264332
68520.000,-31227633.210695,-132105880.432072,-57262425.755724
68580.000,-31226181.122245,-132106391.547558,-57262821.656828
68640.000,-31224710.563689,-132106914.583250,-57263232.082117
68700.000,-31223220.446403,-132107448.892712,-57263656.094100
68760.000,-31221709.751631,-132107993.789218,-57264092.706676
68820.000,-31220177.534109,-132108548.548204,-57264540.888659
68880.000,-31218622.925447,-132109112.409849,-57264999.567467
68940.000,-31217045.137224,-132109684.581791,-57265467.632955
69000.000,-31215443.463832,-132110264.241942,-57265943.941387
69060.000,-31213817.284954,-132110850.541432,-57266427.319520
69120.000,-31212166.067811,-132111442.607631,-57266916.568805
69180.000,-31210489.369050,-132112039.547261,-57267410.469670
69240.000,-31208786.836341,-132112640.449582,-57267907.785882
69300.000,-31207058.209622,-132113244.389643,-57268407.268963
69360.000,-31205303.322028,-132113850.431580,-57268907.662658
69420.000,-31203522.100509,-132114457.631950,-57269407.707428
69480.000,-31201714.566045,-132115065.043106,-57269906.144950
69540.000,-31199880.833633,-132115671.716562,-57270401.722615
69600.000,-31198021.111819,-132116276.706392,-57270893.198013
69660.000,-31196135.701985,-132116879.072595,-57271379.343369
69720.000,-31194224.997246,-132117477.884451,-57271858.949938
69780.000,-31192289.481098,-132118072.223835,-57272330.832323
69840.000,-31190329.725627,-132118661.188501,-57272793.832714
69900.000,-31188346.389494,-132119243.895298,-57273246.825030
69960.000,-31186340.215583,-132119819.483315,-57273688.718944
70020.000,-31184312.028359,-132120387.116954,-57274118.463782
70080.000,-31182262.730894,-132120945.988917,-57274535.052277
70140.000,-31180193.301647,-132121495.323079,-57274937.524177
70200.000,-31178104.790989,-132122034.377258,-57275324.969670
70260.000,-31175998.317446,-132122562.445861,-57275696.532644
70320.000,-31173875.063670,-132123078.862409,-57276051.413744
70380.000,-31171736.272252,-132123583.001905,-57276388.873233
70440.000,-31169583.241261,-132124074.283070,-57276708.233634
70500.000,-31167417.319634,-132124552.170410,-57277008.882154
70560.000,-31165239.902316,-132125016.176136,-57277290.272876
70620.000,-31163052.425307,-132125465.861896,-57277551.928708
70680.000,-31160856.360515,-132125900.840347,-57277793.443094
70740.000,-31158653.210526,-132126320.776523,-57278014.481459
70800.000,-31156444.503190,-132126725.389049,-57278214.782416
70860.000,-31154231.786204,-132127114.451131,-57278394.158693
70920.000,-31152016.621555,-132127487.791372,-57278552.497803
70980.000,-31149800.579974,-132127845.294379,-57278689.762451
71040.000,-31147585.235283,-132128186.901182,-57278805.990663
71100.000,-31145372.158798,-132128512.609437,-57278901.295650
71160.000,-31143162.913709,-132128822.473442,-57278975.865407
71220.000,-31140959.049503,-132129116.603938,-57279029.962037
71280.000,-31138762.096415,-132129395.167721,-57279063.920815
71340.000,-31136573.559976,-132129658.387037,-57279078.148990
71400.000,-31134394.915620,-132129906.538803,-57279073.124328
71460.000,-31132227.603430,-132130139.953610,-57279049.393403
71520.000,-31130073.022976,-132130359.014546,-57279007.569645
71580.000,-31127932.528328,-132130564.155835,-57278948.331145
71640.000,-31125807.423207,-132130755.861284,-57278872.418229
71700.000,-31123698.956356,-132130934.662556,-57278780.630815
71760.000,-31121608.317038,-132131101.137280,-57278673.825550
71820.000,-31119536.630815,-132131255.906985,-57278552.912745
71880.000,-31117484.955517,-132131399.634891,-57278418.853126
71940.000,-31115454.277477,-132131533.023534,-57278272.654393
72000.000,-31113445.507266,-132131656.812436,-57278115.367622
72060.000,-31111459.479334,-132131771.774793,-57277948.083499
72120.000,-31109496.944713,-132131878.715724,-57277771.928430
72180.000,-31107558.571198,-132131978.468732,-57277588.060509
72240.000,-31105644.940265,-132132071.892891,-57277397.665374
72300.000,-31103756.544971,-132132159.869792,-57277201.951972
72360.000,-31101893.788204,-132132243.300391,-57277002.148236
72420.000,-31100056.981240,-132132323.101801,-57276799.496694
72480.000,-31098246.342650,-132132400.204012,-57276595.250022
72540.000,-31096461.997484,-132132475.546586,-57276390.666573
72600.000,-31094703.976853,-132132550.075297,-57276187.005872
72660.000,-31092972.217805,-132132624.738763,-57275985.524114
72720.000,-31091266.563563,-132132700.485055,-57275787.469670
72780.000,-31089586.764065,-132132778.258326,-57275594.078631
72840.000,-31087932.476881,-132132858.995431,-57275406.570377
72900.000,-31086303.268413,-132132943.622596,-57275226.143229
72960.000,-31084698.615470,-132133033.052107,-57275053.970154
73020.000,-31083117.907111,-132133128.179061,-57274891.194577
73080.000,-31081560.446848,-132133229.878168,-57274738.926292
73140.000,-31080025.455118,-132133339.000636,-57274598.237492
73200.000,-31078512.072089,-132133456.371128,-57274470.158936
73260.000,-31077019.360715,-132133582.784828,-57274355.676265
73320.000,-31075546.310086,-132133719.004598,-57274255.726475
73380.000,-31074091.839040,-132133865.758261,-57274171.194570
73440.000,-31072654.800038,-132134023.736002,-57274102.910394
73500.000,-31071233.983245,-132134193.587906,-57274051.645669
73560.000,-31069828.120859,-132134375.921642,-57274018.111229
73620.000,-31068435.891649,-132134571.300288,-57274002.954483
73680.000,-31067055.925669,-132134780.240329,-57274006.757101
73740.000,-31065686.809143,-132135003.209814,-57274030.032928
73800.000,-31064327.089529,-132135240.626681,-57274073.226157
73860.000,-31062975.280700,-132135492.857272,-57274136.709728
73920.000,-31061629.868264,-132135760.215018,-57274220.784008
73980.000,-31060289.314957,-132136042.959329,-57274325.675704
74040.000,-31058952.066153,-132136341.294664,-57274451.537064
74100.000,-31057616.555400,-132136655.369799,-57274598.445325
74160.000,-31056281.210035,-132136985.277302,-57274766.402439
74220.000,-31054944.456785,-132137331.053195,-57274955.335067
74280.000,-31053604.727400,-132137692.676832,-57275165.094841
74340.000,-31052260.464234,-132138070.070968,-57275395.458892
74400.000,-31050910.125851,-132138463.102033,-57275646.130651
74460.000,-31049552.192495,-132138871.580610,-57275916.740907
74520.000,-31048185.171527,-132139295.262112,-57276206.849127
74580.000,-31046807.602751,-132139733.847652,-57276515.945032
74640.000,-31045418.063667,-132140186.985105,-57276843.450420
74700.000,-31044015.174504,-132140654.270368,-57277188.721237
74760.000,-31042597.603175,-132141135.248803,-57277551.049875
74820.000,-31041164.070032,-132141629.416850,-57277929.667706
74880.000,-31039713.352432,-132142136.223834,-57278323.747828
74940.000,-31038244.289126,-132142655.073914,-57278732.408023
75000.000,-31036755.784367,-132143185.328225,-57279154.713911
75060.000,-31035246.811860,-132143726.307142,-57279589.682290
75120.000,-31033716.418403,-132144277.292715,-57280036.284653
75180.000,-31032163.727335,-132144837.531215,-57280493.450865
75240.000,-31030587.941602,-132145406.235839,-57280960.072988
75300.000,-31028988.346657,-132145982.589508,-57281435.009245
75360.000,-31027364.312986,-132146565.747779,-57281917.088100
75420.000,-31025715.298377,-132147154.841859,-57282405.112449
75480.000,-31024040.849830,-132147748.981706,-57282897.863898
75540.000,-31022340.605205,-132148347.259201,-57283394.107122
75600.000,-31020614.294484,-132148948.751388,-57283892.594279
75660.000,-31018861.740768,-132149552.523764,-57284392.069477
75720.000,-31017082.860881,-132150157.633615,-57284891.273256
75780.000,-31015277.665679,-132150763.133378,-57285388.947100
75840.000,-31013446.260010,-132151368.074019,-57285883.837931
75900.000,-31011588.842344,-132151971.508420,-57286374.702594
75960.000,-31009705.704058,-132152572.494755,-57286860.312296
76020.000,-31007797.228389,-132153170.099853,-57287339.457005
76080.000,-31005863.889074,-132153763.402525,-57287810.949775
76140.000,-31003906.248660,-132154351.496846,-57288273.630989
76200.000,-31001924.956480,-132154933.495395,-57288726.372506
76260.000,-30999920.746344,-132155508.532413,-57289168.081694
76320.000,-30997894.433919,-132156075.766894,-57289597.705338
76380.000,-30995846.913809,-132156634.385585,-57290014.233406
76440.000,-30993779.156357,-132157183.605887,-57290416.702657
76500.000,-30991692.204184,-132157722.678649,-57290804.200090
76560.000,-30989587.168459,-132158250.890837,-57291175.866205
76620.000,-30987465.224939,-132158767.568076,-57291530.898078
76680.000,-30985327.609754,-132159272.077064,-57291868.552231
76740.000,-30983175.615005,-132159763.827822,-57292188.147289
76800.000,-30981010.584133,-132160242.275806,-57292489.066421
76860.000,-30978833.907139,-132160706.923844,-57292770.759540
76920.000,-30976647.015598,-132161157.323916,-57293032.745272
76980.000,-30974451.377556,-132161593.078745,-57293274.612679
77040.000,-30972248.492283,-132162013.843224,-57293496.022724
77100.000,-30970039.884918,-132162419.325636,-57293696.709490
77160.000,-30967827.101024,-132162809.288704,-57293876.481122
77220.000,-30965611.701055,-132163183.550437,-57294035.220520
77280.000,-30963395.254788,-132163541.984775,-57294172.885757
77340.000,-30961179.335725,-132163884.522043,-57294289.510223
77400.000,-30958965.515452,-132164211.149198,-57294385.202514
77460.000,-30956755.358038,-132164521.909879,-57294460.146037
77520.000,-30954550.414452,-132164816.904247,-57294514.598358
77580.000,-30952352.217002,-132165096.288634,-57294548.890278
77640.000,-30950162.273888,-132165360.274981,-57294563.424655
77700.000,-30947982.063791,-132165609.130087,-57294558.674957
77760.000,-30945813.030601,-132165843.174652,-57294535.183575
77820.000,-30943656.578254,-132166062.782142,-57294493.559880
77880.000,-30941514.065737,-132166268.377447,-57294434.478047
77940.000,-30939386.802201,-132166460.435374,-57294358.674641
78000.000,-30937276.042304,-132166639.478953,-57294266.945987
78060.000,-30935182.981723,-132166806.077569,-57294160.145319
78120.000,-30933108.752896,-132166960.844930,-57294039.179731
78180.000,-30931054.420953,-132167104.436884,-57293905.006937
78240.000,-30929020.979927,-132167237.549078,-57293758.631839
78300.000,-30927009.349205,-132167360.914473,-57293601.102942
78360.000,-30925020.370238,-132167475.300734,-57293433.508598
78420.000,-30923054.803533,-132167581.507492,-57293256.973121
78480.000,-30921113.325939,-132167680.363492,-57293072.652761
78540.000,-30919196.528230,-132167772.723635,-57292881.731575
78600.000,-30917304.912998,-132167859.465930,-57292685.417188
78660.000,-30915438.892857,-132167941.488364,-57292484.936482
78720.000,-30913598.788962,-132168019.705696,-57292281.531201
78780.000,-30911784.829857,-132168095.046202,-57292076.453517
78840.000,-30909997.150693,-132168168.448350,-57291870.961552
78900.000,-30908235.792702,-132168240.857465,-57291666.314878
78960.000,-30906500.703076,-132168313.222354,-57291463.770013
79020.000,-30904791.735141,-132168386.491922,-57291264.575930
79080.000,-30903108.648910,-132168461.611778,-57291069.969590
79140.000,-30901451.111903,-132168539.520879,-57290881.171520
79200.000,-30899818.700351,-132168621.148169,-57290699.381449
79260.000,-30898210.900713,-132168707.409268,-57290525.774016
79320.000,-30896627.111526,-132168799.203205,-57290361.494573
79380.000,-30895066.645518,-132168897.409213,-57290207.655090
79440.000,-30893528.732089,-132169002.883592,-57290065.330176
79500.000,-30892012.520053,-132169116.456658,-57289935.553239
79560.000,-30890517.080700,-132169238.929769,-57289819.312789
79620.000,-30889041.411086,-132169371.072481,-57289717.548907
79680.000,-30887584.437623,-132169513.619796,-57289631.149882
79740.000,-30886145.019920,-132169667.269542,-57289560.949031
79800.000,-30884721.954884,-132169832.679873,-57289507.721728
79860.000,-30883313.980957,-132170010.466940,-57289472.182622
79920.000,-30881919.782672,-132170201.202678,-57289454.983089
79980.000,-30880537.995331,-132170405.412773,-57289456.708900
80040.000,-30879167.209906,-132170623.574779,-57289477.878126
80100.000,-30877805.978029,-132170856.116424,-57289518.939287
80160.000,-30876452.817203,-132171103.414077,-57289580.269749
80220.000,-30875106.216089,-132171365.791403,-57289662.174372
80280.000,-30873764.639895,-132171643.518218,-57289764.884421
80340.000,-30872426.535875,-132171936.809515,-57289888.556741
80400.000,-30871090.338860,-132172245.824703,-57290033.273196
80460.000,-30869754.476861,-132172570.667036,-57290199.040371
80520.000,-30868417.376674,-132172911.383246,-57290385.789557
80580.000,-30867077.469524,-132173267.963370,-57290593.376990
80640.000,-30865733.196635,-132173640.340792,-57290821.584367
80700.000,-30864383.014822,-132174028.392476,-57291070.119629
80760.000,-30863025.401995,-132174431.939409,-57291338.618001
80820.000,-30861658.862606,-132174850.747229,-57291626.643299
80880.000,-30860281.932979,-132175284.527072,-57291933.689490
80940.000,-30858893.186540,-132175732.936594,-57292259.182500
81000.000,-30857491.238928,-132176195.581195,-57292602.482266
81060.000,-30856074.752927,-132176672.015424,-57292962.885027
81120.000,-30854642.443241,-132177161.744571,-57293339.625839
81180.000,-30853193.081092,-132177664.226426,-57293731.881309
81240.000,-30851725.498607,-132178178.873219,-57294138.772542
81300.000,-30850238.592993,-132178705.053707,-57294559.368279
81360.000,-30848731.330477,-132179242.095434,-57294992.688232
81420.000,-30847202.749988,-132179789.287125,-57295437.706585
81480.000,-30845651.966600,-132180345.881224,-57295893.355666
81540.000,-30844078.174698,-132180911.096558,-57296358.529758
81600.000,-30842480.650839,-132181484.121125,-57296832.089060
81660.000,-30840858.756351,-132182064.114991,-57297312.863757
81720.000,-30839211.939601,-132182650.213283,-57297799.658206
81780.000,-30837539.737993,-132183241.529274,-57298291.255209
81840.000,-30835841.779581,-132183837.157548,-57298786.420365
81900.000,-30834117.784424,-132184436.177229,-57299283.906486
81960.000,-30832367.565576,-132185037.655263,-57299782.458055
82020.000,-30830591.029765,-132185640.649746,-57300280.815715
82080.000,-30828788.177704,-132186244.213291,-57300777.720771
82140.000,-30826959.104115,-132186847.396395,-57301271.919693
82200.000,-30825103.997364,-132187449.250836,-57301762.168595
82260.000,-30823223.138813,-132188048.833050,-57302247.237687
82320.000,-30821316.901791,-132188645.207499,-57302725.915665
82380.000,-30819385.750275,-132189237.450006,-57303197.014050
82440.000,-30817430.237222,-132189824.651057,-57303659.371434
82500.000,-30815451.002618,-132190405.919034,-57304111.857630
82560.000,-30813448.771153,-132190980.383408,-57304553.377718
82620.000,-30811424.349659,-132191547.197839,-57304982.875956
82680.000,-30809378.624217,-132192105.543193,-57305399.339556
82740.000,-30807312.557002,-132192654.630467,-57305801.802309
82800.000,-30805227.182826,-132193193.703604,-57306189.348032
82860.000,-30803123.605465,-132193722.042186,-57306561.113852
82920.000,-30801002.993694,-132194238.964011,-57306916.293283
82980.000,-30798866.577122,-132194743.827520,-57307254.139120
83040.000,-30796715.641804,-132195236.034089,-57307573.966099
83100.000,-30794551.525634,-132195715.030165,-57307875.153358
83160.000,-30792375.613576,-132196180.309240,-57308157.146646
83220.000,-30790189.332695,-132196631.413660,-57308419.460317
83280.000,-30787994.147110,-132197067.936252,-57308661.679056
83340.000,-30785791.552701,-132197489.521785,-57308883.459368
83400.000,-30783583.071804,-132197895.868232,-57309084.530808
83460.000,-30781370.247746,-132198286.727853,-57309264.696944
83520.000,-30779154.639376,-132198661.908070,-57309423.836065
83580.000,-30776937.815448,-132199021.272165,-57309561.901609
83640.000,-30774721.349029,-132199364.739764,-57309678.922334
83700.000,-30772506.811900,-132199692.287121,-57309775.002216
83760.000,-30770295.768933,-132200003.947206,-57309850.320074
83820.000,-30768089.772483,-132200299.809590,-57309905.128931
83880.000,-30765890.356851,-132200580.020125,-57309939.755114
83940.000,-30763699.032809,-132200844.780423,-57309954.597080
84000.000,-30761517.282214,-132201094.347136,-57309950.123997
84060.000,-30759346.552693,-132201329.031042,-57309926.874063
84120.000,-30757188.252468,-132201549.195944,-57309885.452584
84180.000,-30755043.745342,-132201755.257364,-57309826.529808
84240.000,-30752914.345842,-132201947.681059,-57309750.838530
84300.000,-30750801.314473,-132202126.981376,-57309659.171470
84360.000,-30748705.853263,-132202293.719399,-57309552.378440
84420.000,-30746629.101436,-132202448.500963,-57309431.363305
84480.000,-30744572.131392,-132202591.974478,-57309297.080751
84540.000,-30742535.944801,-132202724.828634,-57309150.532871
84600.000,-30740521.469088,-132202847.789935,-57308992.765585
84660.000,-30738529.554088,-132202961.620108,-57308824.864896
84720.000,-30736560.969038,-132203067.113386,-57308647.953008
84780.000,-30734616.399787,-132203165.093682,-57308463.184317
84840.000,-30732696.446390,-132203256.411642,-57308271.741278
84900.000,-30730801.620933,-132203341.941616,-57308074.830180
84960.000,-30728932.345729,-132203422.578538,-57307873.676835
85020.000,-30727088.951784,-132203499.234735,-57307669.522191
85080.000,-30725271.677637,-132203572.836671,-57307463.617895
85140.000,-30723480.668487,-132203644.321647,-57307257.221823
85200.000,-30721715.975709,-132203714.634448,-57307051.593575
85260.000,-30719977.556628,-132203784.723985,-57306847.989978
85320.000,-30718265.274700,-132203855.539905,-57306647.660586
85380.000,-30716578.899989,-132203928.029203,-57306451.843218
85440.000,-30714918.110001,-132204003.132841,-57306261.759527
85500.000,-30713282.490815,-132204081.782401,-57306078.610635
85560.000,-30711671.538587,-132204164.896753,-57305903.572839
85620.000,-30710084.661331,-132204253.378781,-57305737.793402
85680.000,-30708521.181038,-132204348.112163,-57305582.386453
85740.000,-30706980.336112,-132204449.958217,-57305438.429003
85800.000,-30705461.284072,-132204559.752829,-57305306.957094
85860.000,-30703963.104572,-132204678.303472,-57305188.962095
85920.000,-30702484.802684,-132204806.386325,-57305085.387157
85980.000,-30701025.312472,-132204944.743502,-57304997.123840
86040.000,-30699583.500768,-132205094.080409,-57304925.008925
86100.000,-30698158.171241,-132205255.063224,-57304869.821427
86160.000,-30696748.068666,-132205428.316522,-57304832.279800
86220.000,-30695351.883416,-132205614.421045,-57304813.039378
86280.000,-30693968.256124,-132205813.911631,-57304812.690025
86340.000,-30692595.782561,-132206027.275308,-57304831.754030
86400.000,-30691233.018627,-132206254.949552,-57304870.684237

